{
  "version": 2,
  "name": "timeclock-enterprise",
  "builds": [
    {
      "src": "public/**",
      "use": "@vercel/static"
    }
  ],
  "routes": [
    {
      "src": "/(.*)",
      "dest": "/public/$1"
    }
  ],
  "headers": [
    {
      "source": "/(.*)",
      "headers": [
        { "key": "X-Content-Type-Options",   "value": "nosniff" },
        { "key": "X-Frame-Options",           "value": "SAMEORIGIN" },
        { "key": "X-XSS-Protection",          "value": "1; mode=block" },
        { "key": "Referrer-Policy",           "value": "strict-origin-when-cross-origin" },
        { "key": "Permissions-Policy",        "value": "geolocation=(self), camera=(), microphone=()" }
      ]
    },
    {
      "source": "/index.html",
      "headers": [
        { "key": "Cache-Control", "value": "no-cache, no-store, must-revalidate" }
      ]
    }
  ]
}
